Sample,True_X,True_Y,Pred_X,Pred_Y,Error_pixels,Match_score,Time_seconds
001,597,881,597,881,0.0,0.9958975911140442,0.13593846000003396
002,740,313,740,313,0.0,0.995540201663971,0.10071530200002599
003,1143,510,1143,510,0.0,0.9933714270591736,0.09980094899992764
004,972,461,972,461,0.0,0.9960408210754395,0.09423351100008404
005,1092,1149,1092,1149,0.0,0.9934669733047485,0.0953154670000913
006,439,729,439,729,0.0,0.9808807969093323,0.09416236499987463
007,1249,852,1249,852,0.0,0.995150089263916,0.09508027199990465
008,44,949,44,949,0.0,0.9907174110412598,0.09749171599992223
009,400,904,400,904,0.0,0.9955011010169983,0.1033455959998264
010,5,1108,5,1108,0.0,0.9968356490135193,0.09737472100005107
