reference,ground_truth_x,ground_truth_y,predicted_x,predicted_y,error_pixels,confidence
1,0.0,0.0,46.875,62.5,78.125,0.5920268297195435
2,500.0,0.0,531.25,46.875,56.336738679124835,0.5302185416221619
3,1000.0,0.0,1015.625,54.6875,56.87585851000405,0.5982488989830017
4,1500.0,0.0,1554.6875,39.0625,67.20566614877052,0.6246299147605896
5,2000.0,0.0,2054.6875,46.875,72.02769107260069,0.48290160298347473
6,0.0,500.0,54.6875,546.875,72.02769107260069,0.5807775855064392
7,500.0,500.0,523.4375,546.875,52.40784322265132,0.44410189986228943
8,1000.0,500.0,1031.25,570.3125,76.94420157653207,0.583565890789032
9,1500.0,500.0,1539.0625,562.5,73.70297759419222,0.5972095131874084
10,2000.0,500.0,2015.625,570.3125,72.02769107260069,0.552378237247467
11,0.0,1000.0,23.4375,1046.875,52.40784322265132,0.5296745300292969
12,500.0,1000.0,546.875,1070.3125,84.50510801868725,0.5790238976478577
13,1000.0,1000.0,1023.4375,1039.0625,45.55431167847891,0.5801024436950684
14,1500.0,1000.0,1562.5,1031.25,69.87712429686843,0.551626443862915
15,2000.0,1000.0,2039.0625,1054.6875,67.20566614877052,0.5067181587219238
16,0.0,1500.0,31.25,1554.6875,62.98638865858242,0.6299795508384705
17,500.0,1500.0,531.25,1531.25,44.19417382415922,0.6279060244560242
18,1000.0,1500.0,1046.875,1539.0625,61.01757559302074,0.6434112191200256
19,1500.0,1500.0,1546.875,1546.875,66.29126073623883,0.5065532326698303
20,2000.0,1500.0,2054.6875,1531.25,62.98638865858242,0.5146770477294922
21,0.0,2000.0,39.0625,2023.4375,45.55431167847891,0.5771646499633789
22,500.0,2000.0,539.0625,2023.4375,45.55431167847891,0.5131976008415222
23,1000.0,2000.0,1046.875,2078.125,91.10862335695782,0.5201787948608398
24,1500.0,2000.0,1546.875,2070.3125,84.50510801868725,0.5241284370422363
25,2000.0,2000.0,2023.4375,2093.75,96.63528810041392,0.5688600540161133
26,0.0,0.0,54.6875,46.875,72.02769107260069,0.5359625816345215
27,500.0,0.0,539.0625,62.5,73.70297759419222,0.5243170857429504
28,1000.0,0.0,1054.6875,62.5,83.04801416198944,0.5823580026626587
29,1500.0,0.0,1554.6875,54.6875,77.33980419227863,0.6109654307365417
30,2000.0,0.0,2062.5,62.5,88.38834764831844,0.48307719826698303
31,0.0,500.0,54.6875,562.5,83.04801416198944,0.5447785258293152
32,500.0,500.0,562.5,562.5,88.38834764831844,0.5292596817016602
33,1000.0,500.0,1070.3125,539.0625,80.43461047646095,0.4926120936870575
34,1500.0,500.0,1515.625,554.6875,56.87585851000405,0.5996711254119873
35,2000.0,500.0,2054.6875,554.6875,77.33980419227863,0.5051248669624329
36,0.0,1000.0,70.3125,1054.6875,89.07620508587016,0.4597959816455841
37,500.0,1000.0,531.25,1062.5,69.87712429686843,0.5538334250450134
38,1000.0,1000.0,1031.25,1046.875,56.336738679124835,0.46900075674057007
39,1500.0,1000.0,1546.875,1046.875,66.29126073623883,0.5406137704849243
40,2000.0,1000.0,2062.5,1039.0625,73.70297759419222,0.5584135055541992
41,0.0,1500.0,54.6875,1539.0625,67.20566614877052,0.6109276413917542
42,500.0,1500.0,539.0625,1539.0625,55.242717280199024,0.5783550143241882
43,1000.0,1500.0,1023.4375,1585.9375,89.07620508587016,0.5243326425552368
44,1500.0,1500.0,1554.6875,1546.875,72.02769107260069,0.4439450800418854
45,2000.0,1500.0,2031.25,1570.3125,76.94420157653207,0.6435680985450745
46,0.0,2000.0,31.25,2070.3125,76.94420157653207,0.487404465675354
47,500.0,2000.0,523.4375,2054.6875,59.498227389561784,0.6474756598472595
48,1000.0,2000.0,1046.875,2062.5,78.125,0.5054278373718262
49,1500.0,2000.0,1531.25,2054.6875,62.98638865858242,0.7521472573280334
50,2000.0,2000.0,2046.875,2039.0625,61.01757559302074,0.5588762164115906
51,0.0,0.0,23.4375,46.875,52.40784322265132,0.5587592720985413
52,500.0,0.0,531.25,62.5,69.87712429686843,0.40666449069976807
53,1000.0,0.0,1070.3125,39.0625,80.43461047646095,0.45659181475639343
54,1500.0,0.0,1554.6875,46.875,72.02769107260069,0.5084276795387268
55,2000.0,0.0,2031.25,54.6875,62.98638865858242,0.5529247522354126
56,0.0,500.0,15.625,570.3125,72.02769107260069,0.478991836309433
57,500.0,500.0,515.625,570.3125,72.02769107260069,0.5392977595329285
58,1000.0,500.0,1054.6875,562.5,83.04801416198944,0.505829930305481
59,1500.0,500.0,1539.0625,531.25,50.02440810494413,0.6532186269760132
60,2000.0,500.0,2023.4375,562.5,66.75002926029322,0.5606096982955933
61,0.0,1000.0,39.0625,1046.875,61.01757559302074,0.5074676275253296
62,500.0,1000.0,539.0625,1070.3125,80.43461047646095,0.47686803340911865
63,1000.0,1000.0,1031.25,1070.3125,76.94420157653207,0.522704005241394
64,1500.0,1000.0,1554.6875,1054.6875,77.33980419227863,0.4839094579219818
65,2000.0,1000.0,2039.0625,1070.3125,80.43461047646095,0.5932329297065735
66,0.0,1500.0,39.0625,1578.125,87.34640537108554,0.5997828841209412
67,500.0,1500.0,515.625,1554.6875,56.87585851000405,0.48896682262420654
68,1000.0,1500.0,1015.625,1554.6875,56.87585851000405,0.47724011540412903
69,1500.0,1500.0,1546.875,1562.5,78.125,0.5354533195495605
70,2000.0,1500.0,2023.4375,1570.3125,74.11588266019639,0.6645174622535706
71,0.0,2000.0,46.875,2070.3125,84.50510801868725,0.6349458694458008
72,500.0,2000.0,539.0625,2070.3125,80.43461047646095,0.5517340302467346
73,1000.0,2000.0,1046.875,2046.875,66.29126073623883,0.5386702418327332
74,1500.0,2000.0,1546.875,2078.125,91.10862335695782,0.5610775947570801
75,2000.0,2000.0,2023.4375,2054.6875,59.498227389561784,0.5200901627540588
76,0.0,0.0,54.6875,46.875,72.02769107260069,0.6251250505447388
77,500.0,0.0,531.25,39.0625,50.02440810494413,0.6446543335914612
78,1000.0,0.0,1039.0625,46.875,61.01757559302074,0.6640596985816956
79,1500.0,0.0,1539.0625,39.0625,55.242717280199024,0.5539854764938354
80,2000.0,0.0,2054.6875,70.3125,89.07620508587016,0.5659818053245544
81,0.0,500.0,23.4375,570.3125,74.11588266019639,0.5171943306922913
82,500.0,500.0,562.5,546.875,78.125,0.4911622107028961
83,1000.0,500.0,1046.875,531.25,56.336738679124835,0.6044090986251831
84,1500.0,500.0,1515.625,554.6875,56.87585851000405,0.6706804037094116
85,2000.0,500.0,2039.0625,578.125,87.34640537108554,0.5480844378471375
86,0.0,1000.0,23.4375,1054.6875,59.498227389561784,0.550544023513794
87,500.0,1000.0,562.5,1031.25,69.87712429686843,0.5986694693565369
88,1000.0,1000.0,1031.25,1031.25,44.19417382415922,0.5405651330947876
89,1500.0,1000.0,1546.875,1039.0625,61.01757559302074,0.5899861454963684
90,2000.0,1000.0,2039.0625,1062.5,73.70297759419222,0.5997644662857056
91,0.0,1500.0,23.4375,1578.125,81.56489460086367,0.6250827312469482
92,500.0,1500.0,554.6875,1523.4375,59.498227389561784,0.5774791240692139
93,1000.0,1500.0,1054.6875,1554.6875,77.33980419227863,0.5791823267936707
94,1500.0,1500.0,1546.875,1531.25,56.336738679124835,0.4557129144668579
95,2000.0,1500.0,2039.0625,1531.25,50.02440810494413,0.5737066864967346
96,0.0,2000.0,39.0625,2062.5,73.70297759419222,0.64290452003479
97,500.0,2000.0,539.0625,2070.3125,80.43461047646095,0.6364164352416992
98,1000.0,2000.0,1031.25,2062.5,69.87712429686843,0.6294543743133545
99,1500.0,2000.0,1539.0625,2039.0625,55.242717280199024,0.5645433068275452
100,2000.0,2000.0,2046.875,2031.25,56.336738679124835,0.4048975110054016
