reference_id,ground_truth,predicted_status,defect_pixels,defect_percentage,defect_regions
1,EXTRA_MATERIAL,PASS,137,0.0548,1
2,EXTRA_MATERIAL,PASS,891,0.3564,1
3,PARTICLE,PASS,249,0.0996,1
4,PARTICLE,PASS,0,0.0,0
5,GOOD,PASS,0,0.0,0
6,EXTRA_MATERIAL,PASS,656,0.2624,2
7,PARTICLE,PASS,0,0.0,0
8,EXTRA_MATERIAL,PASS,525,0.21,1
9,DEFORMATION,PASS,723,0.2892,8
10,GOOD,PASS,0,0.0,0
11,PARTICLE,PASS,0,0.0,0
12,MISSING_MATERIAL,FAIL,2319,0.9276,1
13,EXTRA_MATERIAL,PASS,0,0.0,0
14,DEFORMATION,PASS,416,0.1664,19
15,GOOD,PASS,0,0.0,0
16,MISSING_MATERIAL,PASS,880,0.35200000000000004,2
17,PARTICLE,PASS,0,0.0,0
18,MISSING_MATERIAL,PASS,611,0.2444,1
19,DEFORMATION,PASS,773,0.30920000000000003,3
20,GOOD,PASS,0,0.0,0
21,PARTICLE,PASS,0,0.0,0
22,MISSING_MATERIAL,PASS,193,0.0772,2
23,DEFORMATION,PASS,444,0.1776,5
24,DEFORMATION,PASS,572,0.2288,11
25,GOOD,PASS,0,0.0,0
26,PARTICLE,PASS,82,0.0328,1
27,EXTRA_MATERIAL,PASS,67,0.0268,1
28,DEFORMATION,PASS,1249,0.49959999999999993,6
29,DEFORMATION,PASS,90,0.036000000000000004,3
30,GOOD,PASS,0,0.0,0
31,DEFORMATION,PASS,694,0.27759999999999996,2
32,PARTICLE,PASS,0,0.0,0
33,DEFORMATION,PASS,275,0.11,10
34,EXTRA_MATERIAL,PASS,373,0.1492,2
35,GOOD,PASS,0,0.0,0
36,MISSING_MATERIAL,PASS,1192,0.47679999999999995,1
37,EXTRA_MATERIAL,PASS,333,0.1332,2
38,EXTRA_MATERIAL,PASS,916,0.3664,1
39,PARTICLE,PASS,313,0.1252,1
40,GOOD,PASS,0,0.0,0
41,PARTICLE,PASS,0,0.0,0
42,DEFORMATION,PASS,517,0.20679999999999998,13
43,MISSING_MATERIAL,PASS,875,0.35000000000000003,1
44,PARTICLE,PASS,86,0.0344,1
45,GOOD,PASS,0,0.0,0
46,PARTICLE,PASS,99,0.039599999999999996,1
47,MISSING_MATERIAL,FAIL,1800,0.72,1
48,PARTICLE,PASS,0,0.0,0
49,MISSING_MATERIAL,PASS,43,0.0172,1
50,GOOD,PASS,0,0.0,0
51,PARTICLE,PASS,109,0.0436,1
52,PARTICLE,PASS,133,0.053200000000000004,1
53,DEFORMATION,PASS,0,0.0,0
54,MISSING_MATERIAL,PASS,116,0.0464,1
55,GOOD,PASS,0,0.0,0
56,EXTRA_MATERIAL,PASS,843,0.3372,1
57,MISSING_MATERIAL,PASS,969,0.3876,1
58,EXTRA_MATERIAL,PASS,0,0.0,0
59,EXTRA_MATERIAL,PASS,0,0.0,0
60,GOOD,PASS,0,0.0,0
61,DEFORMATION,PASS,267,0.10679999999999999,4
62,DEFORMATION,PASS,0,0.0,0
63,PARTICLE,PASS,0,0.0,0
64,MISSING_MATERIAL,FAIL,1908,0.7632,1
65,GOOD,PASS,0,0.0,0
66,PARTICLE,PASS,69,0.0276,1
67,EXTRA_MATERIAL,PASS,905,0.362,1
68,EXTRA_MATERIAL,PASS,934,0.37360000000000004,1
69,MISSING_MATERIAL,PASS,120,0.048,1
70,GOOD,PASS,0,0.0,0
71,DEFORMATION,PASS,108,0.043199999999999995,6
72,EXTRA_MATERIAL,PASS,1163,0.4652,1
73,DEFORMATION,PASS,315,0.126,9
74,PARTICLE,PASS,0,0.0,0
75,GOOD,PASS,0,0.0,0
76,PARTICLE,PASS,705,0.28200000000000003,1
77,EXTRA_MATERIAL,PASS,710,0.28400000000000003,1
78,PARTICLE,PASS,437,0.1748,1
79,MISSING_MATERIAL,PASS,0,0.0,0
80,GOOD,PASS,0,0.0,0
81,PARTICLE,PASS,313,0.1252,1
82,MISSING_MATERIAL,PASS,815,0.326,1
83,EXTRA_MATERIAL,PASS,193,0.0772,1
84,MISSING_MATERIAL,PASS,724,0.2896,2
85,GOOD,PASS,0,0.0,0
86,MISSING_MATERIAL,PASS,828,0.3312,1
87,PARTICLE,PASS,0,0.0,0
88,PARTICLE,PASS,0,0.0,0
89,EXTRA_MATERIAL,PASS,0,0.0,0
90,GOOD,PASS,0,0.0,0
91,PARTICLE,PASS,0,0.0,0
92,DEFORMATION,PASS,338,0.1352,13
93,PARTICLE,PASS,244,0.09759999999999999,1
94,DEFORMATION,PASS,241,0.0964,10
95,GOOD,PASS,0,0.0,0
96,PARTICLE,PASS,391,0.1564,1
97,EXTRA_MATERIAL,PASS,767,0.3068,1
98,EXTRA_MATERIAL,PASS,0,0.0,0
99,MISSING_MATERIAL,PASS,623,0.24919999999999998,1
100,GOOD,PASS,0,0.0,0
