reference,ground_truth_x,ground_truth_y,predicted_x,predicted_y,error_pixels,confidence,peak_x,peak_y,refined_heatmap_x,refined_heatmap_y
1,0.0,0.0,45.52206409312436,64.0982506631274,78.61834428027363,0.5920268297195435,6,8,5.826824203919918,8.204576084880307
2,500.0,0.0,532.0729076526139,45.221342402105904,55.4404294170022,0.5302185416221619,4,6,4.10533217953458,5.788331827469555
3,1000.0,0.0,1015.3322637182481,57.79898922710341,59.79800553865257,0.5982488989830017,2,7,1.9625297559357502,7.398270621069237
4,1500.0,0.0,1554.2565399547,39.01738928117166,66.82910140181778,0.6246299147605896,7,5,6.9448371142016105,4.994225827989973
5,2000.0,0.0,2051.8445119573994,44.965787349808444,68.62780378308139,0.48290160298347473,7,6,6.636097530547116,5.755620780775481
6,0.0,500.0,53.846085857675284,545.0191428572074,70.1863532731954,0.5807775855064392,7,6,6.892298989782437,5.762450285722552
7,500.0,500.0,524.6595691957625,545.2431892514542,51.52708536841083,0.44410189986228943,3,6,3.1564248570576057,5.79112822418614
8,1000.0,500.0,1031.8545106209017,568.0135210468176,75.10358774441495,0.583565890789032,4,9,4.07737735947541,8.705730693992653
9,1500.0,500.0,1540.175409653735,560.4030965558362,72.54376344234626,0.5972095131874084,5,8,5.142452435678078,7.73159635914703
10,2000.0,500.0,2015.6381025120259,573.3381486971623,74.98689421828135,0.552378237247467,2,9,2.0016771215393114,9.387283033236768
11,0.0,1000.0,23.198285248812013,1047.9067472255742,53.22797073175262,0.5296745300292969,3,6,2.9693805118479375,6.132063644873505
12,500.0,1000.0,547.9781569965463,1073.4505805136032,87.73192877493662,0.5790238976478577,6,9,6.1412040955579235,9.401674305741201
13,1000.0,1000.0,1023.0085632350575,1042.165256888773,48.03439258112733,0.5801024436950684,3,5,2.945096094087359,5.397152881762946
14,1500.0,1000.0,1561.6548882192187,1028.577753702015,67.95596550691765,0.551626443862915,8,4,7.891825692059987,3.6579524738579177
15,2000.0,1000.0,2039.953183788485,1054.009149931875,67.18069046385438,0.5067181587219238,5,7,5.1140075249260715,6.9131711912800045
16,0.0,1500.0,30.377074253124025,1556.3848690413975,64.04701473913794,0.6299795508384705,4,7,3.8882655043998753,7.217263237298866
17,500.0,1500.0,530.8051460968711,1530.8924547980544,43.62683565764775,0.6279060244560242,4,4,3.943058700399501,3.9542342141509716
18,1000.0,1500.0,1045.313549679379,1539.9017809674165,60.37772692737974,0.6434112191200256,6,5,5.800134358960532,5.107427963829311
19,1500.0,1500.0,1548.485525104345,1545.929989131457,66.78630133687467,0.5065532326698303,6,6,6.206147213356153,5.879038608826507
20,2000.0,1500.0,2053.1182625334322,1531.2174836256916,61.612345341586796,0.5146770477294922,7,4,6.799137604279345,3.995837904088522
21,0.0,2000.0,38.16028880894732,2025.908854147693,46.12457441785998,0.5771646499633789,5,3,4.884516967545257,3.3163333309047096
22,500.0,2000.0,539.2963311091031,2021.4900888791763,44.78867667916925,0.5131976008415222,5,3,5.029930381965195,2.750731376534548
23,1000.0,2000.0,1046.1888464519695,2076.4266380027784,89.29972302852542,0.5201787948608398,6,10,5.912172345852087,9.782609664355649
24,1500.0,2000.0,1546.953961685803,2073.568221742985,87.27518415000252,0.5241284370422363,6,9,6.010107095782799,9.416732383102039
25,2000.0,2000.0,2023.0731310950205,2090.695286388405,93.58420994806107,0.5688600540161133,3,12,2.953360780162623,11.608996657715807
26,0.0,0.0,53.16458094407852,47.181274553887924,71.08125867968876,0.5359625816345215,7,6,6.8050663608420505,6.039203142897654
27,500.0,0.0,539.8647565261662,60.22067764194226,72.22000296694283,0.5243170857429504,5,8,5.102688835349271,7.708246738168609
28,1000.0,0.0,1053.7824684277803,59.684684294313904,80.34186610663896,0.5823580026626587,7,8,6.884155958755861,7.639639589672179
29,1500.0,0.0,1556.2692451545438,57.36428446952541,80.35477013197651,0.6109654307365417,7,7,7.2024633797816175,7.342628412099252
30,2000.0,0.0,2061.932063180139,64.18860133847025,89.19505026366525,0.48307719826698303,8,8,7.927304087057792,8.216140971324192
31,0.0,500.0,53.87322869203363,563.0182553239541,82.90732943340551,0.5447785258293152,7,8,6.895773272580304,8.066336681466126
32,500.0,500.0,560.2143077054159,560.3958655311544,85.28436800316804,0.5292596817016602,8,8,7.707431386293229,7.730670787987761
33,1000.0,500.0,1067.2722383648816,538.1903976997335,77.35670967075352,0.4926120936870575,9,5,8.610846510704848,4.888370905565883
34,1500.0,500.0,1514.9338737568921,557.861301444439,59.75743292872474,0.5996711254119873,2,7,1.911535840882202,7.406246584888198
35,2000.0,500.0,2055.708283577018,554.2323117443243,77.74674588837158,0.5051248669624329,7,7,7.1306602978583,6.941735903273513
36,0.0,1000.0,67.0300759159203,1053.7172985021898,85.89865677452356,0.4597959816455841,9,7,8.5798497172378,6.875814208280282
37,500.0,1000.0,532.0823300053174,1063.181346001408,70.86013252259498,0.5538334250450134,4,8,4.106538240680626,8.087212288180224
38,1000.0,1000.0,1029.3730033687614,1048.6432951649433,56.8237933563491,0.46900075674057007,4,6,3.7597444312014665,6.22634178111275
39,1500.0,1000.0,1548.396506936118,1047.0910197182397,67.52618767353415,0.5406137704849243,6,6,6.1947528878231015,6.027650523934678
40,2000.0,1000.0,2063.313890669254,1042.569306255567,76.29413205980184,0.5584135055541992,8,5,8.10417800566452,5.448871200712573
41,0.0,1500.0,53.33704892634655,1540.7814449225614,67.1413958608502,0.6109276413917542,7,5,6.827142262572358,5.220024950087843
42,500.0,1500.0,539.966700162381,1542.0544116237897,58.0164688592197,0.5783550143241882,5,5,5.115737620784763,5.382964687845095
43,1000.0,1500.0,1025.0727333430975,1584.6759181287573,88.3099828345702,0.5243326425552368,3,11,3.2093098679164886,10.838517520480922
44,1500.0,1500.0,1556.2814202033567,1547.0004185791483,73.32555902768118,0.4439450800418854,7,6,7.204021786029648,6.0160535781309905
45,2000.0,1500.0,2032.605046070904,1572.8859723554751,79.84644009277348,0.6435680985450745,4,9,4.173445897075721,9.329404461500818
46,0.0,2000.0,28.867875982394082,2069.6634290751254,75.40787501474833,0.487404465675354,4,9,3.6950881257464427,8.916918921616062
47,500.0,2000.0,524.1826437534435,2056.907672886732,61.83270568468816,0.6474756598472595,3,7,3.095378400440771,7.284182129501687
48,1000.0,2000.0,1047.4237203017665,2060.2465970568933,76.67243118746033,0.5054278373718262,6,8,6.07023619862611,7.711564423282313
49,1500.0,2000.0,1533.2511736469191,2056.174259448622,65.27777549441039,0.7521472573280334,4,7,4.2561502268056435,7.190305209423581
50,2000.0,2000.0,2045.3311879297855,2041.5816223526372,61.51380265113569,0.5588762164115906,6,5,5.802392055012559,5.322447661137567
51,0.0,0.0,21.55086907460254,48.3919764475622,52.97379864019641,0.5587592720985413,3,6,2.7585112415491255,6.1941729852879615
52,500.0,0.0,529.5581464126757,60.346205713306325,67.19634337778997,0.40666449069976807,4,8,3.7834427408224887,7.724314331303209
53,1000.0,0.0,1067.8637768453013,38.60810030197467,78.07738223478164,0.45659181475639343,9,5,8.686563436198584,4.941836838652758
54,1500.0,0.0,1557.012918355249,49.00032301213383,75.17648910846887,0.5084276795387268,7,6,7.297653549471862,6.272041345553131
55,2000.0,0.0,2029.085072468774,54.184903836347836,61.49752226121058,0.5529247522354126,4,7,3.7228892760030456,6.935667691052523
56,0.0,500.0,13.74038709553996,572.8551319372057,74.13952041335935,0.478991836309433,2,9,1.7587695482291148,9.325456887962321
57,500.0,500.0,514.6568358798808,568.5177144173911,70.0678244773799,0.5392977595329285,2,9,1.8760749926247435,8.77026744542606
58,1000.0,500.0,1052.9350067284092,559.3790885652695,79.54867124081238,0.505829930305481,7,8,6.775680861236381,7.600523336354505
59,1500.0,500.0,1540.5448281525703,530.7623561046595,50.89406294482036,0.6532186269760132,5,4,5.189738003528991,3.937581581396413
60,2000.0,500.0,2024.2049396285436,560.5941514601509,65.24975320717425,0.5606096982955933,3,8,3.0982322724535853,7.756051386899317
61,0.0,1000.0,40.548361706425965,1044.6235361680592,60.29452394054738,0.5074676275253296,5,6,5.190190298422523,5.711812629511592
62,500.0,1000.0,540.2055433793329,1068.3495470716518,79.29783290435728,0.47686803340911865,5,9,5.146309552554615,8.748742025171442
63,1000.0,1000.0,1031.0899837191187,1073.5328423015628,79.83524274780888,0.522704005241394,4,9,3.9795179160471954,9.412203814600035
64,1500.0,1000.0,1554.0532514318138,1055.797789800159,77.68621072580139,0.4839094579219818,7,7,6.918816183272158,7.142117094420356
65,2000.0,1000.0,2038.7191882888692,1072.9502813050558,82.58885569031501,0.5932329297065735,5,9,4.95605610097526,9.337636007047134
66,0.0,1500.0,38.913108010644834,1576.1651734128175,85.52989895967765,0.5997828841209412,5,10,4.980877825362539,9.749142196840625
67,500.0,1500.0,516.71266742974,1553.9826162620298,56.510495583658184,0.48896682262420654,2,7,2.1392214310067152,6.909774881539821
68,1000.0,1500.0,1015.9333445777987,1557.8766010284328,60.0297627518155,0.47724011540412903,2,7,2.039468105958242,7.408204931639402
69,1500.0,1500.0,1546.4728039633098,1563.8630944112829,78.98237990841157,0.5354533195495605,6,8,5.948518907303653,8.17447608464422
70,2000.0,1500.0,2021.6979382044774,1568.8008331079159,72.14121678117588,0.6645174622535706,3,9,2.7773360901731134,8.806506637813245
71,0.0,2000.0,44.90090406243698,2070.1921336777764,83.32482712771146,0.6349458694458008,6,9,5.747315719991933,8.984593110755371
72,500.0,2000.0,538.8676224664983,2069.429704207934,79.56868669646012,0.5517340302467346,5,9,4.97505567571179,8.88700213861554
73,1000.0,2000.0,1046.0192143537156,2044.4266200415163,63.96477669816792,0.5386702418327332,6,6,5.890459437275586,5.686607365314078
74,1500.0,2000.0,1545.6753107574345,2075.6985438654924,88.41099228118692,0.5610775947570801,6,10,5.846439776951621,9.68941361478304
75,2000.0,2000.0,2021.8149523628877,2054.485739300064,58.690611972184975,0.5200901627540588,3,7,2.7923139024496235,6.974174630408182
76,0.0,0.0,53.85459318934666,44.02660247789653,69.56046961699403,0.6251250505447388,7,6,6.893387928236372,5.635405117170756
77,500.0,0.0,529.7879261167518,40.95348132055354,50.640973278660354,0.6446543335914612,4,5,3.8128545429442284,5.242045609030853
78,1000.0,0.0,1039.6717647626674,46.450544840797896,61.086021603893926,0.6640596985816956,5,6,5.077985889621426,5.94566973962213
79,1500.0,0.0,1539.1422110893886,42.32338876296414,57.648780779364785,0.5539854764938354,5,5,5.0102030194417475,5.41739376165941
80,2000.0,0.0,2052.205882263672,69.93316111248117,87.27027653280705,0.5659818053245544,7,9,6.6823529297500075,8.95144462239759
81,0.0,500.0,25.94242347877379,569.1280773313472,73.83563104274758,0.5171943306922913,3,9,3.320630205283045,8.848393898412445
82,500.0,500.0,561.2115511755842,548.5121863432928,78.10432908057994,0.4911622107028961,8,6,7.835078550474773,6.209559851941484
83,1000.0,500.0,1048.881964556549,531.2282627573259,58.00561053681191,0.6044090986251831,6,4,6.2568914632382855,3.9972176329377103
84,1500.0,500.0,1515.310535096158,556.8497375785187,58.875335648105846,0.6706804037094116,2,7,1.9597484923082245,7.276766410050393
85,2000.0,500.0,2037.7993678289754,580.3624715543064,88.80832755202002,0.5480844378471375,5,10,4.838319082108861,10.286396358951219
86,0.0,1000.0,21.3153493318741,1056.187719232162,60.09495743947314,0.550544023513794,3,7,2.7283647144798846,7.192028061716718
87,500.0,1000.0,561.9662115224752,1028.4724397700847,68.19451002030326,0.5986694693565369,8,4,7.931675074876831,3.644472290570845
88,1000.0,1000.0,1033.2644859756153,1034.0651414753277,47.612602228359655,0.5405651330947876,4,4,4.257854204878754,4.36033810884193
89,1500.0,1000.0,1548.656824188164,1040.2050103277256,63.118376052702885,0.5899861454963684,6,5,6.228073496084987,5.146241321948887
90,2000.0,1000.0,2037.4733461813641,1061.3383195846936,71.8793511622244,0.5997644662857056,5,8,4.796588311214605,7.8513049068407845
91,0.0,1500.0,23.464053180567117,1577.1302791393277,80.62035569117205,0.6250827312469482,3,10,3.0033988071125908,9.872675729833952
92,500.0,1500.0,553.3883578156491,1524.878439346168,58.900369222550246,0.5774791240692139,7,3,6.833709800403085,3.184440236309518
93,1000.0,1500.0,1053.30566552425,1556.1867368398628,77.44961829276626,0.5791823267936707,7,7,6.823125187103981,7.1919023155024355
94,1500.0,1500.0,1546.0889610512984,1531.76722990475,55.97632737693083,0.4557129144668579,6,4,5.899387014566197,4.066205427807975
95,2000.0,1500.0,2041.0585071784126,1530.7375992545162,51.28938505822617,0.5737066864967346,5,4,5.2554889188368135,3.934412704578083
96,0.0,2000.0,38.62590083342877,2062.39273313919,73.38128755869623,0.64290452003479,5,8,4.944115306678883,7.986269841816335
97,500.0,2000.0,537.1479881722469,2071.8043242349495,80.84450509517112,0.6364164352416992,5,9,4.7549424860476055,9.190953502073537
98,1000.0,2000.0,1032.993831358479,2061.5957247131782,69.87579130609818,0.6294543743133545,4,8,4.223210413885313,7.884252763286841
99,1500.0,2000.0,1537.8001437844355,2041.1526500893276,55.87836324999714,0.5645433068275452,5,5,4.83841840440774,5.2675392114339346
100,2000.0,2000.0,2045.591347500774,2033.335477623085,56.478536058360454,0.4048975110054016,6,4,5.83569248009907,4.266941135754871
