reference_id,ground_truth,predicted_status,predicted_type,confidence,changed_pixels,defect_percentage,max_difference,mean_difference,defect_regions
1,EXTRA_MATERIAL,FAIL,PARTICLE,99.0,639,0.2556,241,0.149488,31
2,EXTRA_MATERIAL,FAIL,FABRICATION DEFECT,88.24,1140,0.45599999999999996,242,0.692028,14
3,PARTICLE,FAIL,PARTICLE,95.62,253,0.10120000000000001,255,0.255456,1
4,PARTICLE,FAIL,PARTICLE,62.82,43,0.0172,11,0.001048,2
5,GOOD,PASS,GOOD,0.0,0,0.0,0,0.0,0
6,EXTRA_MATERIAL,FAIL,FABRICATION DEFECT,83.376,836,0.33440000000000003,253,0.525888,9
7,PARTICLE,FAIL,PARTICLE,86.75999999999999,79,0.031599999999999996,236,0.019248,6
8,EXTRA_MATERIAL,FAIL,FABRICATION DEFECT,79.712,607,0.24280000000000002,254,0.452976,10
9,DEFORMATION,FAIL,FABRICATION DEFECT,99.0,2311,0.9244,153,0.269304,16
10,GOOD,PASS,GOOD,0.0,0,0.0,0,0.0,0
11,PARTICLE,FAIL,PARTICLE,68.36,184,0.0736,10,0.004068,18
12,MISSING_MATERIAL,FAIL,FABRICATION DEFECT,99.0,3248,1.2992,252,1.877048,1
13,EXTRA_MATERIAL,FAIL,PARTICLE,72.74000000000001,296,0.11839999999999999,9,0.006916,36
14,DEFORMATION,FAIL,FABRICATION DEFECT,99.0,2316,0.9264,125,0.22138,30
15,GOOD,PASS,GOOD,0.0,0,0.0,0,0.0,0
16,MISSING_MATERIAL,FAIL,FABRICATION DEFECT,88.816,1176,0.4704,230,0.67904,23
17,PARTICLE,FAIL,PARTICLE,71.46,249,0.0996,15,0.006648,26
18,MISSING_MATERIAL,FAIL,FABRICATION DEFECT,84.352,897,0.3588,230,0.461872,38
19,DEFORMATION,FAIL,FABRICATION DEFECT,99.0,1945,0.7779999999999999,111,0.221168,1
20,GOOD,PASS,GOOD,0.0,0,0.0,0,0.0,0
21,PARTICLE,FAIL,PARTICLE,72.16,259,0.1036,18,0.006912,15
22,MISSING_MATERIAL,FAIL,PARTICLE,99.0,727,0.2908,253,0.172856,76
23,DEFORMATION,FAIL,FABRICATION DEFECT,99.0,1877,0.7508,149,0.213848,2
24,DEFORMATION,FAIL,FABRICATION DEFECT,99.0,3116,1.2464,89,0.276524,6
25,GOOD,PASS,GOOD,0.0,0,0.0,0,0.0,0
26,PARTICLE,FAIL,PARTICLE,88.32,168,0.0672,216,0.0634,6
27,EXTRA_MATERIAL,FAIL,PARTICLE,99.0,548,0.2192,254,0.064268,24
28,DEFORMATION,FAIL,FABRICATION DEFECT,99.0,2777,1.1108,122,0.332092,35
29,DEFORMATION,FAIL,FABRICATION DEFECT,99.0,1879,0.7516,81,0.140076,79
30,GOOD,PASS,GOOD,0.0,0,0.0,0,0.0,0
31,DEFORMATION,FAIL,FABRICATION DEFECT,93.632,1477,0.5908,169,0.198204,26
32,PARTICLE,FAIL,PARTICLE,68.02,143,0.0572,23,0.004312,9
33,DEFORMATION,FAIL,FABRICATION DEFECT,88.832,1177,0.47080000000000005,106,0.115472,10
34,EXTRA_MATERIAL,FAIL,FABRICATION DEFECT,82.432,777,0.3108,233,0.288244,13
35,GOOD,PASS,GOOD,0.0,0,0.0,0,0.0,0
36,MISSING_MATERIAL,FAIL,FABRICATION DEFECT,94.24,1515,0.606,222,0.8716,23
37,EXTRA_MATERIAL,FAIL,PARTICLE,99.0,493,0.1972,255,0.300164,10
38,EXTRA_MATERIAL,FAIL,FABRICATION DEFECT,89.088,1193,0.4772,254,0.743288,14
39,PARTICLE,FAIL,PARTICLE,98.18,317,0.1268,255,0.320332,1
40,GOOD,PASS,GOOD,0.0,0,0.0,0,0.0,0
41,PARTICLE,FAIL,PARTICLE,63.84,56,0.0224,16,0.001656,5
42,DEFORMATION,FAIL,FABRICATION DEFECT,99.0,2604,1.0416,116,0.27496,51
43,MISSING_MATERIAL,FAIL,FABRICATION DEFECT,87.792,1112,0.4448,246,0.701624,16
44,PARTICLE,FAIL,PARTICLE,89.98,112,0.0448,255,0.088152,1
45,GOOD,PASS,GOOD,0.0,0,0.0,0,0.0,0
46,PARTICLE,FAIL,PARTICLE,87.89999999999999,115,0.046,233,0.078948,1
47,MISSING_MATERIAL,FAIL,FABRICATION DEFECT,99.0,2005,0.8019999999999999,248,1.371144,21
48,PARTICLE,FAIL,PARTICLE,67.16,149,0.05959999999999999,12,0.003376,29
49,MISSING_MATERIAL,FAIL,PARTICLE,99.0,550,0.22,242,0.050996,46
50,GOOD,PASS,GOOD,0.0,0,0.0,0,0.0,0
51,PARTICLE,FAIL,PARTICLE,90.02,113,0.0452,255,0.114312,1
52,PARTICLE,FAIL,PARTICLE,95.26,369,0.1476,205,0.093036,7
53,DEFORMATION,FAIL,FABRICATION DEFECT,93.744,1484,0.5936,18,0.034704,12
54,MISSING_MATERIAL,FAIL,PARTICLE,99.0,500,0.2,243,0.092468,73
55,GOOD,PASS,GOOD,0.0,0,0.0,0,0.0,0
56,EXTRA_MATERIAL,FAIL,FABRICATION DEFECT,88.832,1177,0.47080000000000005,252,0.65656,33
57,MISSING_MATERIAL,FAIL,FABRICATION DEFECT,88.496,1156,0.4624,253,0.710128,19
58,EXTRA_MATERIAL,FAIL,PARTICLE,78.25999999999999,149,0.05959999999999999,123,0.006148,35
59,EXTRA_MATERIAL,FAIL,PARTICLE,75.42,333,0.1332,21,0.010148,16
60,GOOD,PASS,GOOD,0.0,0,0.0,0,0.0,0
61,DEFORMATION,FAIL,FABRICATION DEFECT,91.248,1328,0.5312,103,0.123036,6
62,DEFORMATION,FAIL,PARTICLE,75.94,376,0.15039999999999998,9,0.018484,83
63,PARTICLE,FAIL,PARTICLE,67.76,164,0.0656,12,0.003852,17
64,MISSING_MATERIAL,FAIL,FABRICATION DEFECT,99.0,1989,0.7956,253,1.554564,10
65,GOOD,PASS,GOOD,0.0,0,0.0,0,0.0,0
66,PARTICLE,FAIL,PARTICLE,88.74000000000001,81,0.0324,255,0.0248,1
67,EXTRA_MATERIAL,FAIL,FABRICATION DEFECT,87.456,1091,0.4364,240,0.658224,5
68,EXTRA_MATERIAL,FAIL,FABRICATION DEFECT,90.4,1275,0.51,255,0.749092,6
69,MISSING_MATERIAL,FAIL,PARTICLE,99.0,388,0.1552,254,0.110424,63
70,GOOD,PASS,GOOD,0.0,0,0.0,0,0.0,0
71,DEFORMATION,FAIL,FABRICATION DEFECT,99.0,1814,0.7256,107,0.119276,11
72,EXTRA_MATERIAL,FAIL,FABRICATION DEFECT,93.792,1487,0.5948,255,0.927104,27
73,DEFORMATION,FAIL,FABRICATION DEFECT,91.26400000000001,1329,0.5316000000000001,99,0.131392,15
74,PARTICLE,FAIL,PARTICLE,74.1,275,0.11,31,0.009508,5
75,GOOD,PASS,GOOD,0.0,0,0.0,0,0.0,0
76,PARTICLE,FAIL,FABRICATION DEFECT,81.344,709,0.2836,255,0.714656,1
77,EXTRA_MATERIAL,FAIL,FABRICATION DEFECT,84.272,892,0.3568,255,0.604772,18
78,PARTICLE,FAIL,PARTICLE,99.0,441,0.1764,255,0.363252,1
79,MISSING_MATERIAL,FAIL,PARTICLE,74.0,320,0.128,12,0.010912,68
80,GOOD,PASS,GOOD,0.0,0,0.0,0,0.0,0
81,PARTICLE,FAIL,PARTICLE,98.18,317,0.1268,255,0.321664,1
82,MISSING_MATERIAL,FAIL,FABRICATION DEFECT,85.92,995,0.398,253,0.629448,13
83,EXTRA_MATERIAL,FAIL,PARTICLE,99.0,504,0.2016,221,0.154152,30
84,MISSING_MATERIAL,FAIL,FABRICATION DEFECT,84.288,893,0.3572,236,0.56184,22
85,GOOD,PASS,GOOD,0.0,0,0.0,0,0.0,0
86,MISSING_MATERIAL,FAIL,FABRICATION DEFECT,92.88,1430,0.5720000000000001,252,0.612724,1
87,PARTICLE,FAIL,PARTICLE,64.64,91,0.0364,10,0.002184,12
88,PARTICLE,FAIL,PARTICLE,62.76,54,0.021599999999999998,6,0.001256,9
89,EXTRA_MATERIAL,FAIL,PARTICLE,86.2,620,0.248,14,0.015148,77
90,GOOD,PASS,GOOD,0.0,0,0.0,0,0.0,0
91,PARTICLE,FAIL,PARTICLE,62.779999999999994,37,0.014799999999999999,13,0.000884,4
92,DEFORMATION,FAIL,FABRICATION DEFECT,99.0,1944,0.7776,115,0.156228,2
93,PARTICLE,FAIL,PARTICLE,95.62,253,0.10120000000000001,255,0.17798,1
94,DEFORMATION,FAIL,FABRICATION DEFECT,95.456,1591,0.6364,109,0.134444,24
95,GOOD,PASS,GOOD,0.0,0,0.0,0,0.0,0
96,PARTICLE,FAIL,PARTICLE,99.0,411,0.16440000000000002,255,0.295956,1
97,EXTRA_MATERIAL,FAIL,FABRICATION DEFECT,84.112,882,0.3528,214,0.576172,5
98,EXTRA_MATERIAL,FAIL,PARTICLE,99.0,941,0.3764,202,0.0389,124
99,MISSING_MATERIAL,FAIL,FABRICATION DEFECT,82.592,787,0.3148,240,0.448024,28
100,GOOD,PASS,GOOD,0.0,0,0.0,0,0.0,0
