epoch,train_loss,validation_loss
1,0.001651723373797722,0.00022078482904292358
2,0.0002070530071068788,0.000246152407131516
3,0.00019854760212183463,0.00019295728494538568
4,0.00018926316450233572,0.00017666640493329256
5,0.00017600681640033143,0.00020694772236031265
6,0.00016986137714411598,0.0001724552051970162
7,0.00017454069282393903,0.00018776618806161702
8,0.00017976489150896667,0.00016250132578604209
9,0.0001633126612432534,0.00016429433554339295
10,0.00016873693086381537,0.0001660925884677384
11,0.00015425833411427447,0.00015927785996329755
12,0.00015509984470554627,0.0001621929740604873
13,0.000153834060911322,0.00015158605058856594
14,0.0001526580315839965,0.00015949455701047555
15,0.00015109740750631317,0.0001691891503959106
16,0.00015130506006244104,0.00014927126735878678
17,0.0001437069562234683,0.0001467586939375346
18,0.00014531665568938478,0.00014572824035824923
19,0.00015338756013079545,0.00015777415067602234
20,0.00014376043633092196,0.00018185542285209522
21,0.00014619400702940764,0.0001393912892896109
22,0.00013844573659298475,0.00015387560695391864
23,0.00013418763821391623,0.00014129732377254046
24,0.00012394429195410338,0.0001293838246895645
25,0.00012366263748845086,0.000125598530408192
26,0.00011634386941295815,0.0001198793182154007
27,0.00011672302454826422,0.0001264533919031517
28,0.00011734973162674578,0.0001238742289178145
29,0.00011271341878455132,0.00011619604629231617
30,0.00010950209820293821,0.00012360989001955694
