sample,gt_x,gt_y,pred_x,pred_y,error_pixels,match_score,processing_time_ms,success
001,209,1385,209,1385,0.0,0.828064501285553,458.1857969999419,True
002,1252,1339,1252,1339,0.0,0.8362362384796143,298.820241000044,True
003,716,459,716,459,0.0,0.5761297941207886,295.5340509998905,True
004,636,1128,636,1128,0.0,0.43093639612197876,278.5645269999577,True
005,223,925,223,925,0.0,0.6886835098266602,270.03280499991433,True
006,1403,1078,1403,1078,0.0,0.937180757522583,249.46308200003386,True
007,248,411,248,411,0.0,0.4751421809196472,256.0375350000186,True
008,974,977,974,977,0.0,0.6452924013137817,246.91762899999503,True
009,453,298,453,298,0.0,0.481242835521698,255.45384099996227,True
010,1391,1205,1391,1205,0.0,0.9132230281829834,272.17078599994693,True
011,1286,310,1286,310,0.0,0.4106493294239044,251.0419870000078,True
012,783,1399,783,1399,0.0,0.46407222747802734,274.7833509999964,True
013,848,306,848,306,0.0,0.6342992186546326,289.0561680000019,True
014,98,1412,99,1412,1.0,0.43048176169395447,275.5198219999784,True
015,604,417,604,417,0.0,0.4188837707042694,274.0807870000026,True
016,1158,1350,1158,1350,0.0,0.7831178307533264,258.86588200000915,True
017,844,723,844,723,0.0,0.6249022483825684,240.60154300002523,True
018,1020,760,1020,760,0.0,0.48184695839881897,262.796519999938,True
019,169,974,169,974,0.0,0.6488481760025024,262.70294699997976,True
020,633,1495,633,1495,0.0,0.528476357460022,240.70589499990547,True
