sample,ground_truth_x,ground_truth_y,predicted_x,predicted_y,error_pixels
1,326.9999921321869,68.9999982714653,328.125,78.125,1.1768435779175705
2,351.99999809265137,529.9999713897705,359.375,515.625,2.068023932257185
3,970.0000286102295,163.00000250339508,953.125,140.625,3.587215306581866
4,841.0000205039978,405.9999883174896,859.375,390.625,3.066742533791158
5,393.0000066757202,1343.000054359436,390.625,1359.375,2.117924302616041
6,1174.9999523162842,187.00000643730164,1171.875,171.875,1.9768900595771934
7,354.0000021457672,1169.9999570846558,359.375,1171.875,0.7286605923331608
8,1016.9999599456787,1011.9999647140503,1015.625,1015.625,0.4962604021735316
9,127.00000405311584,1281.999945640564,140.625,1265.625,2.726668484159675
10,474.9999940395355,1174.0000247955322,453.125,1171.875,2.813179954093271
11,1161.9999408721924,120.99999934434891,1140.625,109.375,3.114449925145519
12,1074.0000009536743,1129.9999952316284,1078.125,1140.625,1.4588987392037829
13,1128.000020980835,503.00002098083496,1109.375,484.375,3.3714889306342717
14,192.00000166893005,82.0000022649765,203.125,46.875,4.7161206513972145
15,1077.0000219345093,30.99999949336052,1078.125,46.875,2.0370958384337103
16,851.9999980926514,1226.9999980926514,828.125,1234.375,3.1984794776190326
17,112.99999803304672,680.0000071525574,109.375,671.875,1.138814151060303
18,108.0000028014183,753.000020980835,109.375,734.375,2.390490468183075
19,444.9999928474426,633.0000162124634,453.125,609.375,3.1978415306395767
20,79.99999821186066,1375.0,78.125,1359.375,2.0143485026521035
21,850.0000238418579,368.99998784065247,828.125,359.375,3.059058230059465
22,437.00000643730164,644.9999809265137,421.875,609.375,4.95395568458291
23,509.0000033378601,1315.999984741211,515.625,1328.125,1.7685625060750956
24,629.0000081062317,1468.999981880188,640.625,1484.375,2.4672199012293334
25,1151.9999504089355,171.00000381469727,1140.625,203.125,4.362162021296381
26,1402.999997138977,1049.9999523162842,1421.875,1046.875,2.4488880919217473
27,865.0000095367432,1225.9999513626099,859.375,1234.375,1.2913555302506734
28,592.9999947547913,437.99999356269836,609.375,421.875,2.9416511372164895
29,1394.9999809265137,202.9999941587448,1421.875,203.125,3.440039653958556
30,437.00000643730164,570.9999799728394,453.125,578.125,2.2565108629078905
31,1225.9999513626099,1478.9999723434448,1234.375,1484.375,1.2737920626229737
32,1284.000039100647,1078.9999961853027,1296.875,1078.125,1.6517964143793682
33,593.999981880188,771.0000276565552,609.375,765.625,2.0847978319294924
34,830.9999704360962,76.99999958276749,828.125,78.125,0.39516734460090736
35,488.99999260902405,711.0000252723694,484.375,703.125,1.168988195568521
36,1220.9999561309814,1281.999945640564,1234.375,1296.875,2.5605088796440825
37,995.0000047683716,597.9999899864197,984.375,609.375,1.9923707969602797
38,439.0000104904175,160.99999845027924,421.875,140.625,3.4068361938978846
39,236.00000143051147,779.9999713897705,234.375,765.625,1.8517155828103893
40,1182.0000410079956,148.00000190734863,1203.125,140.625,2.8640398171544965
41,890.999972820282,1029.9999713897705,890.625,1046.875,2.160536851422266
42,755.9999823570251,1269.0000534057617,765.625,1234.375,4.600055886427355
43,644.9999809265137,402.0000100135803,640.625,421.875,2.6049043637239793
44,479.0000021457672,603.9999723434448,484.375,609.375,0.9729812398893772
45,644.9999809265137,666.0000085830688,640.625,671.875,0.9376031214156753
46,1003.9999485015869,116.99999868869781,1015.625,109.375,1.7795334471693027
47,640.999972820282,328.000009059906,640.625,328.125,0.05059277537058328
48,874.0000128746033,802.9999732971191,890.625,828.125,3.856300684687013
49,689.0000104904175,1366.9999837875366,703.125,1359.375,2.054612151661746
50,760.9999775886536,20.999999716877937,765.625,46.875,3.3644927755226157
51,1080.9999704360962,286.00001335144043,1046.875,265.625,5.0873434969034665
52,552.9999732971191,953.000009059906,546.875,953.125,0.784159807391741
53,1393.0000066757202,792.9999828338623,1421.875,796.875,3.729132320431498
54,221.00000083446503,510.99997758865356,234.375,515.625,1.8114665414436888
55,1404.9999713897705,603.9999723434448,1390.625,578.125,3.7887870188550705
56,1396.0000276565552,1049.0000247955322,1390.625,1046.875,0.7398206523738405
57,493.00000071525574,759.0000033378601,484.375,765.625,1.3920917633328822
58,936.9999766349792,301.9999861717224,953.125,296.875,2.1657428340986327
59,593.999981880188,626.9999742507935,578.125,609.375,3.0362041603194676
60,1008.0000162124634,1208.9999914169312,984.375,1203.125,3.1161018754917196
61,779.9999713897705,537.0000004768372,765.625,515.625,3.297162849699009
62,1333.9999914169312,721.0000157356262,1328.125,703.125,2.4084134953239213
63,8.00000037997961,500.99998712539673,15.625,515.625,2.1111527834300405
64,1111.9999885559082,1019.9999809265137,1109.375,1015.625,0.6530637650781937
65,448.0000138282776,1049.9999523162842,453.125,1046.875,0.7683285722672696
66,1258.9999437332153,1064.0000104904175,1265.625,1078.125,1.9969915772052405
67,1434.000015258789,625.9999871253967,1421.875,609.375,2.6338350458665127
68,910.0000262260437,405.0000011920929,890.625,390.625,3.0880442373653514
69,630.9999823570251,1315.999984741211,640.625,1328.125,1.9815498043102624
70,875.0,986.9999885559082,859.375,984.375,2.028027370532051
71,967.0000076293945,695.9999799728394,984.375,703.125,2.4037305032051273
72,916.0000085830688,1389.9999856948853,921.875,1390.625,0.7562424483124177
73,892.0000195503235,1034.999966621399,890.625,1015.625,2.4862332331214705
74,755.9999823570251,1442.0000314712524,765.625,1453.125,1.8829747985085201
75,1113.9999628067017,129.99999523162842,1109.375,140.625,1.4832599311855414
76,1421.0000038146973,669.0000295639038,1421.875,671.875,0.3846623265713819
77,1376.0000467300415,1371.000051498413,1359.375,1359.375,2.5966465054562162
78,841.0000205039978,64.00000303983688,828.125,46.875,2.742403755140408
79,933.0000281333923,1192.9999589920044,921.875,1203.125,1.9254651026099239
80,145.9999978542328,782.0000052452087,140.625,796.875,2.0244893344817143
81,79.00000363588333,208.00000429153442,78.125,203.125,0.6339722310917413
82,190.99999964237213,78.00000160932541,203.125,78.125,1.5520825156859708
83,497.99999594688416,1258.9999437332153,515.625,1234.375,3.8761574966103614
84,1368.99995803833,1269.9999809265137,1359.375,1265.625,1.3532952491178003
85,349.9999940395355,580.9999704360962,359.375,609.375,3.8251082755068304
86,870.9999918937683,985.0000143051147,859.375,953.125,4.342874146636079
87,421.999990940094,303.0000030994415,421.875,296.875,0.7841636212949691
88,843.999981880188,182.99999833106995,828.125,171.875,2.481287965115242
89,296.00000381469727,130.99999725818634,296.875,140.625,1.2370807392290348
90,170.00000178813934,545.0000166893005,171.875,546.875,0.33940958258527354
91,910.0000262260437,1384.9999904632568,890.625,1390.625,2.582405546814033
92,651.0000228881836,155.0000011920929,640.625,140.625,2.269183188458359
93,326.00000500679016,75.00000298023224,328.125,78.125,0.4837182508361272
94,723.9999771118164,587.9999995231628,734.375,578.125,1.8333814733878249
95,945.9999799728394,1343.000054359436,953.125,1328.125,2.1111587273177697
96,595.0000286102295,705.9999704360962,609.375,734.375,4.071490883171235
97,411.00001335144043,1276.0000228881836,390.625,1296.875,3.7337971634549194
98,190.99999964237213,883.0000162124634,203.125,890.625,1.8333783273816953
99,1490.0000095367432,70.00000029802322,1484.375,46.875,3.0463095679270795
100,1322.9999542236328,282.99999237060547,1328.125,296.875,1.8932836967251596
